Chapter,Title,Subject,Syllabus topic,Edition,Syllabus link,Exam code,Session,Paper,Question,PDF page,Original paper link
M01,"Numbers, sequences & sets",maths,1,2024–2026,https://www.khanyisa.online/educare/syllabus/form5/EGCSE%206880%20Syllabus%20-%20Mathematics%202024%20-2026-1657607285.pdf,6880,October/November 2021,2,1(a),2,https://www.khanyisa.online/educare/exampapers/form5/2021/EGCSE%20Mathematics%202021%20Question%20Paper%202-1662016949.pdf#page=2
M01,"Numbers, sequences & sets",maths,1,2024–2026,https://www.khanyisa.online/educare/syllabus/form5/EGCSE%206880%20Syllabus%20-%20Mathematics%202024%20-2026-1657607285.pdf,6880,October/November 2021,2,3(a),4,https://www.khanyisa.online/educare/exampapers/form5/2021/EGCSE%20Mathematics%202021%20Question%20Paper%202-1662016949.pdf#page=4
M02,"Place value, estimation & accuracy",maths,2,2024–2026,https://www.khanyisa.online/educare/syllabus/form5/EGCSE%206880%20Syllabus%20-%20Mathematics%202024%20-2026-1657607285.pdf,6880,October/November 2021,2,5(a),6,https://www.khanyisa.online/educare/exampapers/form5/2021/EGCSE%20Mathematics%202021%20Question%20Paper%202-1662016949.pdf#page=6
M03,Operations with fractions & decimals,maths,3,2024–2026,https://www.khanyisa.online/educare/syllabus/form5/EGCSE%206880%20Syllabus%20-%20Mathematics%202024%20-2026-1657607285.pdf,6880,October/November 2021,3,3,2,https://www.khanyisa.online/educare/exampapers/form5/2021/EGCSE%20Mathematics%202021%20Question%20Paper%203-1662016962.pdf#page=2
M04,Percentages,maths,4,2024–2026,https://www.khanyisa.online/educare/syllabus/form5/EGCSE%206880%20Syllabus%20-%20Mathematics%202024%20-2026-1657607285.pdf,6880,October/November 2021,2,3(b),4,https://www.khanyisa.online/educare/exampapers/form5/2021/EGCSE%20Mathematics%202021%20Question%20Paper%202-1662016949.pdf#page=4
M05,Money & household finance,maths,5,2024–2026,https://www.khanyisa.online/educare/syllabus/form5/EGCSE%206880%20Syllabus%20-%20Mathematics%202024%20-2026-1657607285.pdf,6880,October/November 2021,1,5,4,https://www.khanyisa.online/educare/exampapers/form5/2021/EGCSE%20Mathematics%202021%20Question%20Paper%201-1662016885.pdf#page=4
M06,Ratio & proportion,maths,6,2024–2026,https://www.khanyisa.online/educare/syllabus/form5/EGCSE%206880%20Syllabus%20-%20Mathematics%202024%20-2026-1657607285.pdf,6880,October/November 2021,1,11,7,https://www.khanyisa.online/educare/exampapers/form5/2021/EGCSE%20Mathematics%202021%20Question%20Paper%201-1662016885.pdf#page=7
M07,Indices,maths,7,2024–2026,https://www.khanyisa.online/educare/syllabus/form5/EGCSE%206880%20Syllabus%20-%20Mathematics%202024%20-2026-1657607285.pdf,6880,October/November 2021,2,"1(b), 1(d)",2,https://www.khanyisa.online/educare/exampapers/form5/2021/EGCSE%20Mathematics%202021%20Question%20Paper%202-1662016949.pdf#page=2
M08,Standard form,maths,8,2024–2026,https://www.khanyisa.online/educare/syllabus/form5/EGCSE%206880%20Syllabus%20-%20Mathematics%202024%20-2026-1657607285.pdf,6880,October/November 2021,1,4(a),3,https://www.khanyisa.online/educare/exampapers/form5/2021/EGCSE%20Mathematics%202021%20Question%20Paper%201-1662016885.pdf#page=3
M09,"Shapes, angles & similarity",maths,9,2024–2026,https://www.khanyisa.online/educare/syllabus/form5/EGCSE%206880%20Syllabus%20-%20Mathematics%202024%20-2026-1657607285.pdf,6880,October/November 2021,1,16,12,https://www.khanyisa.online/educare/exampapers/form5/2021/EGCSE%20Mathematics%202021%20Question%20Paper%201-1662016885.pdf#page=12
M10,Geometrical constructions,maths,10,2024–2026,https://www.khanyisa.online/educare/syllabus/form5/EGCSE%206880%20Syllabus%20-%20Mathematics%202024%20-2026-1657607285.pdf,6880,October/November 2021,1,7,5,https://www.khanyisa.online/educare/exampapers/form5/2021/EGCSE%20Mathematics%202021%20Question%20Paper%201-1662016885.pdf#page=5
M11,Transformations,maths,11,2024–2026,https://www.khanyisa.online/educare/syllabus/form5/EGCSE%206880%20Syllabus%20-%20Mathematics%202024%20-2026-1657607285.pdf,6880,October/November 2021,2,13(a–c),15,https://www.khanyisa.online/educare/exampapers/form5/2021/EGCSE%20Mathematics%202021%20Question%20Paper%202-1662016949.pdf#page=15
M12,Measurement & mensuration,maths,12,2024–2026,https://www.khanyisa.online/educare/syllabus/form5/EGCSE%206880%20Syllabus%20-%20Mathematics%202024%20-2026-1657607285.pdf,6880,October/November 2021,1,13,9,https://www.khanyisa.online/educare/exampapers/form5/2021/EGCSE%20Mathematics%202021%20Question%20Paper%201-1662016885.pdf#page=9
M13,Trigonometry,maths,13,2024–2026,https://www.khanyisa.online/educare/syllabus/form5/EGCSE%206880%20Syllabus%20-%20Mathematics%202024%20-2026-1657607285.pdf,6880,October/November 2021,2,2(a),3,https://www.khanyisa.online/educare/exampapers/form5/2021/EGCSE%20Mathematics%202021%20Question%20Paper%202-1662016949.pdf#page=3
M14,Bearings,maths,14,2024–2026,https://www.khanyisa.online/educare/syllabus/form5/EGCSE%206880%20Syllabus%20-%20Mathematics%202024%20-2026-1657607285.pdf,6880,October/November 2021,1,17(b),12,https://www.khanyisa.online/educare/exampapers/form5/2021/EGCSE%20Mathematics%202021%20Question%20Paper%201-1662016885.pdf#page=12
M15,Graphs in practical situations,maths,15,2024–2026,https://www.khanyisa.online/educare/syllabus/form5/EGCSE%206880%20Syllabus%20-%20Mathematics%202024%20-2026-1657607285.pdf,6880,October/November 2021,3,17,10,https://www.khanyisa.online/educare/exampapers/form5/2021/EGCSE%20Mathematics%202021%20Question%20Paper%203-1662016962.pdf#page=10
M16,Vectors,maths,16,2024–2026,https://www.khanyisa.online/educare/syllabus/form5/EGCSE%206880%20Syllabus%20-%20Mathematics%202024%20-2026-1657607285.pdf,6880,October/November 2021,2,13(a),15,https://www.khanyisa.online/educare/exampapers/form5/2021/EGCSE%20Mathematics%202021%20Question%20Paper%202-1662016949.pdf#page=15
M17,Algebra & formulae,maths,17,2024–2026,https://www.khanyisa.online/educare/syllabus/form5/EGCSE%206880%20Syllabus%20-%20Mathematics%202024%20-2026-1657607285.pdf,6880,October/November 2021,1,8,6,https://www.khanyisa.online/educare/exampapers/form5/2021/EGCSE%20Mathematics%202021%20Question%20Paper%201-1662016885.pdf#page=6
M18,"Coordinates, graphs & functions",maths,18,2024–2026,https://www.khanyisa.online/educare/syllabus/form5/EGCSE%206880%20Syllabus%20-%20Mathematics%202024%20-2026-1657607285.pdf,6880,October/November 2021,2,10(c),11,https://www.khanyisa.online/educare/exampapers/form5/2021/EGCSE%20Mathematics%202021%20Question%20Paper%202-1662016949.pdf#page=11
M19,Differentiation,maths,19,2024–2026,https://www.khanyisa.online/educare/syllabus/form5/EGCSE%206880%20Syllabus%20-%20Mathematics%202024%20-2026-1657607285.pdf,6880,October/November 2021,4,14(b),18,https://www.khanyisa.online/educare/exampapers/form5/2021/EGCSE%20Mathematics%202021%20Question%20Paper%204-1662016975.pdf#page=18
M20,Equations & inequalities,maths,20,2024–2026,https://www.khanyisa.online/educare/syllabus/form5/EGCSE%206880%20Syllabus%20-%20Mathematics%202024%20-2026-1657607285.pdf,6880,October/November 2021,3,6,3,https://www.khanyisa.online/educare/exampapers/form5/2021/EGCSE%20Mathematics%202021%20Question%20Paper%203-1662016962.pdf#page=3
M21,Matrices,maths,21,2024–2026,https://www.khanyisa.online/educare/syllabus/form5/EGCSE%206880%20Syllabus%20-%20Mathematics%202024%20-2026-1657607285.pdf,6880,October/November 2021,4,3(b–d),3,https://www.khanyisa.online/educare/exampapers/form5/2021/EGCSE%20Mathematics%202021%20Question%20Paper%204-1662016975.pdf#page=3
M22,Inequality regions & linear programming,maths,22,2024–2026,https://www.khanyisa.online/educare/syllabus/form5/EGCSE%206880%20Syllabus%20-%20Mathematics%202024%20-2026-1657607285.pdf,6880,October/November 2021,1,14,10,https://www.khanyisa.online/educare/exampapers/form5/2021/EGCSE%20Mathematics%202021%20Question%20Paper%201-1662016885.pdf#page=10
M23,Statistics,maths,23,2024–2026,https://www.khanyisa.online/educare/syllabus/form5/EGCSE%206880%20Syllabus%20-%20Mathematics%202024%20-2026-1657607285.pdf,6880,October/November 2021,2,11(a),12,https://www.khanyisa.online/educare/exampapers/form5/2021/EGCSE%20Mathematics%202021%20Question%20Paper%202-1662016949.pdf#page=12
M24,Probability,maths,24,2024–2026,https://www.khanyisa.online/educare/syllabus/form5/EGCSE%206880%20Syllabus%20-%20Mathematics%202024%20-2026-1657607285.pdf,6880,October/November 2021,2,11(b),13,https://www.khanyisa.online/educare/exampapers/form5/2021/EGCSE%20Mathematics%202021%20Question%20Paper%202-1662016949.pdf#page=13
C01,Measuring in chemistry,science,C1,2024–2026,https://www.khanyisa.online/educare/syllabus/form5/EGCSE%206888%20Syllabus%20-%20Physical%20Science%202024-2026-1657607422.pdf,6888,October/November 2021,4,1(c)(iv),4,https://www.khanyisa.online/educare/exampapers/form5/2021/EGCSE%20Physical%20Science%202021%20Question%20Paper%204-1662017167.pdf#page=4
C02,Particles & states of matter,science,C2,2024–2026,https://www.khanyisa.online/educare/syllabus/form5/EGCSE%206888%20Syllabus%20-%20Physical%20Science%202024-2026-1657607422.pdf,6888,October/November 2020,1,3,3,https://www.khanyisa.online/educare/exampapers/form5/2020/PHYSICAL%20SCIENCE%201.pdf#page=3
C03,"Elements, compounds & mixtures",science,C3,2024–2026,https://www.khanyisa.online/educare/syllabus/form5/EGCSE%206888%20Syllabus%20-%20Physical%20Science%202024-2026-1657607422.pdf,6888,October/November 2020,1,1,2,https://www.khanyisa.online/educare/exampapers/form5/2020/PHYSICAL%20SCIENCE%201.pdf#page=2
C04,Separation & purity,science,C4,2024–2026,https://www.khanyisa.online/educare/syllabus/form5/EGCSE%206888%20Syllabus%20-%20Physical%20Science%202024-2026-1657607422.pdf,6888,October/November 2020,1,5,4,https://www.khanyisa.online/educare/exampapers/form5/2020/PHYSICAL%20SCIENCE%201.pdf#page=4
C05,Physical & chemical changes,science,C5,2024–2026,https://www.khanyisa.online/educare/syllabus/form5/EGCSE%206888%20Syllabus%20-%20Physical%20Science%202024-2026-1657607422.pdf,6888,October/November 2021,4,1(b)(ii–iii),3,https://www.khanyisa.online/educare/exampapers/form5/2021/EGCSE%20Physical%20Science%202021%20Question%20Paper%204-1662017167.pdf#page=3
C06,The periodic table,science,C6,2024–2026,https://www.khanyisa.online/educare/syllabus/form5/EGCSE%206888%20Syllabus%20-%20Physical%20Science%202024-2026-1657607422.pdf,6888,October/November 2020,1,13,8,https://www.khanyisa.online/educare/exampapers/form5/2020/PHYSICAL%20SCIENCE%201.pdf#page=8
C07,"Atoms, ions & bonding",science,C7,2024–2026,https://www.khanyisa.online/educare/syllabus/form5/EGCSE%206888%20Syllabus%20-%20Physical%20Science%202024-2026-1657607422.pdf,6888,October/November 2021,2,1,2,https://www.khanyisa.online/educare/exampapers/form5/2021/EGCSE%20Physical%20Science%202021%20Question%20Paper%202-1662017093.pdf#page=2
C08,"Formulae, equations & moles",science,C8,2024–2026,https://www.khanyisa.online/educare/syllabus/form5/EGCSE%206888%20Syllabus%20-%20Physical%20Science%202024-2026-1657607422.pdf,6888,October/November 2021,2,"7(c)(ii–iii), 7(d)",10,https://www.khanyisa.online/educare/exampapers/form5/2021/EGCSE%20Physical%20Science%202021%20Question%20Paper%202-1662017093.pdf#page=10
C09,"Reactions, energy & rates",science,C9,2024–2026,https://www.khanyisa.online/educare/syllabus/form5/EGCSE%206888%20Syllabus%20-%20Physical%20Science%202024-2026-1657607422.pdf,6888,October/November 2021,1,6,5,https://www.khanyisa.online/educare/exampapers/form5/2021/EGCSE%20Physical%20Science%202021%20Question%20Paper%201-1662017077.pdf#page=5
C10,"Acids, bases & salts",science,C10,2024–2026,https://www.khanyisa.online/educare/syllabus/form5/EGCSE%206888%20Syllabus%20-%20Physical%20Science%202024-2026-1657607422.pdf,6888,October/November 2021,4,1(a),2,https://www.khanyisa.online/educare/exampapers/form5/2021/EGCSE%20Physical%20Science%202021%20Question%20Paper%204-1662017167.pdf#page=2
C11,Metals & reactivity,science,C11,2024–2026,https://www.khanyisa.online/educare/syllabus/form5/EGCSE%206888%20Syllabus%20-%20Physical%20Science%202024-2026-1657607422.pdf,6888,October/November 2021,2,7(a–c)(i),9,https://www.khanyisa.online/educare/exampapers/form5/2021/EGCSE%20Physical%20Science%202021%20Question%20Paper%202-1662017093.pdf#page=9
C12,Electrolysis,science,C12,2024–2026,https://www.khanyisa.online/educare/syllabus/form5/EGCSE%206888%20Syllabus%20-%20Physical%20Science%202024-2026-1657607422.pdf,6888,October/November 2021,2,5,7,https://www.khanyisa.online/educare/exampapers/form5/2021/EGCSE%20Physical%20Science%202021%20Question%20Paper%202-1662017093.pdf#page=7
C13,"Non-metals, air & water",science,C13,2024–2026,https://www.khanyisa.online/educare/syllabus/form5/EGCSE%206888%20Syllabus%20-%20Physical%20Science%202024-2026-1657607422.pdf,6888,October/November 2021,2,3,4,https://www.khanyisa.online/educare/exampapers/form5/2021/EGCSE%20Physical%20Science%202021%20Question%20Paper%202-1662017093.pdf#page=4
C14,Organic chemistry,science,C14,2024–2026,https://www.khanyisa.online/educare/syllabus/form5/EGCSE%206888%20Syllabus%20-%20Physical%20Science%202024-2026-1657607422.pdf,6888,October/November 2021,2,9,12,https://www.khanyisa.online/educare/exampapers/form5/2021/EGCSE%20Physical%20Science%202021%20Question%20Paper%202-1662017093.pdf#page=12
P01,"Measurements, units & density",science,P1,2024–2026,https://www.khanyisa.online/educare/syllabus/form5/EGCSE%206888%20Syllabus%20-%20Physical%20Science%202024-2026-1657607422.pdf,6888,October/November 2021,2,2,3,https://www.khanyisa.online/educare/exampapers/form5/2021/EGCSE%20Physical%20Science%202021%20Question%20Paper%202-1662017093.pdf#page=3
P02,Motion,science,P2,2024–2026,https://www.khanyisa.online/educare/syllabus/form5/EGCSE%206888%20Syllabus%20-%20Physical%20Science%202024-2026-1657607422.pdf,6888,October/November 2021,2,4,5,https://www.khanyisa.online/educare/exampapers/form5/2021/EGCSE%20Physical%20Science%202021%20Question%20Paper%202-1662017093.pdf#page=5
P03,"Mass, force & moments",science,P3,2024–2026,https://www.khanyisa.online/educare/syllabus/form5/EGCSE%206888%20Syllabus%20-%20Physical%20Science%202024-2026-1657607422.pdf,6888,October/November 2021,2,6,8,https://www.khanyisa.online/educare/exampapers/form5/2021/EGCSE%20Physical%20Science%202021%20Question%20Paper%202-1662017093.pdf#page=8
P04,"Work, energy & power",science,P4,2024–2026,https://www.khanyisa.online/educare/syllabus/form5/EGCSE%206888%20Syllabus%20-%20Physical%20Science%202024-2026-1657607422.pdf,6888,October/November 2020,2,1(b–c),2,https://www.khanyisa.online/educare/exampapers/form5/2020/PHYSICAL%20SCIENCE%202.pdf#page=2
P05,"Waves, light & sound",science,P5,2024–2026,https://www.khanyisa.online/educare/syllabus/form5/EGCSE%206888%20Syllabus%20-%20Physical%20Science%202024-2026-1657607422.pdf,6888,October/November 2021,1,3,3,https://www.khanyisa.online/educare/exampapers/form5/2021/EGCSE%20Physical%20Science%202021%20Question%20Paper%201-1662017077.pdf#page=3
P05,"Waves, light & sound",science,P5,2024–2026,https://www.khanyisa.online/educare/syllabus/form5/EGCSE%206888%20Syllabus%20-%20Physical%20Science%202024-2026-1657607422.pdf,6888,October/November 2021,1,17,10,https://www.khanyisa.online/educare/exampapers/form5/2021/EGCSE%20Physical%20Science%202021%20Question%20Paper%201-1662017077.pdf#page=10
P06,Thermal physics,science,P6,2024–2026,https://www.khanyisa.online/educare/syllabus/form5/EGCSE%206888%20Syllabus%20-%20Physical%20Science%202024-2026-1657607422.pdf,6888,October/November 2021,2,10,14,https://www.khanyisa.online/educare/exampapers/form5/2021/EGCSE%20Physical%20Science%202021%20Question%20Paper%202-1662017093.pdf#page=14
P07,Electrostatics,science,P7,2024–2026,https://www.khanyisa.online/educare/syllabus/form5/EGCSE%206888%20Syllabus%20-%20Physical%20Science%202024-2026-1657607422.pdf,No verified question,,,,,
P08,"Current, voltage & resistance",science,P8,2024–2026,https://www.khanyisa.online/educare/syllabus/form5/EGCSE%206888%20Syllabus%20-%20Physical%20Science%202024-2026-1657607422.pdf,6888,October/November 2020,2,7(b),9,https://www.khanyisa.online/educare/exampapers/form5/2020/PHYSICAL%20SCIENCE%202.pdf#page=9
P09,Electric circuits,science,P9,2024–2026,https://www.khanyisa.online/educare/syllabus/form5/EGCSE%206888%20Syllabus%20-%20Physical%20Science%202024-2026-1657607422.pdf,6888,October/November 2020,2,7,9,https://www.khanyisa.online/educare/exampapers/form5/2020/PHYSICAL%20SCIENCE%202.pdf#page=9
P10,Practical electricity,science,P10,2024–2026,https://www.khanyisa.online/educare/syllabus/form5/EGCSE%206888%20Syllabus%20-%20Physical%20Science%202024-2026-1657607422.pdf,6888,October/November 2021,2,11,15,https://www.khanyisa.online/educare/exampapers/form5/2021/EGCSE%20Physical%20Science%202021%20Question%20Paper%202-1662017093.pdf#page=15
P11,Magnetism,science,P11,2024–2026,https://www.khanyisa.online/educare/syllabus/form5/EGCSE%206888%20Syllabus%20-%20Physical%20Science%202024-2026-1657607422.pdf,6888,October/November 2021,1,13,9,https://www.khanyisa.online/educare/exampapers/form5/2021/EGCSE%20Physical%20Science%202021%20Question%20Paper%201-1662017077.pdf#page=9
P12,Digital electronics,science,P12,2024–2026,https://www.khanyisa.online/educare/syllabus/form5/EGCSE%206888%20Syllabus%20-%20Physical%20Science%202024-2026-1657607422.pdf,No verified question,,,,,
P13,Electromagnetic effects,science,P13,2024–2026,https://www.khanyisa.online/educare/syllabus/form5/EGCSE%206888%20Syllabus%20-%20Physical%20Science%202024-2026-1657607422.pdf,6888,October/November 2020,2,9,12,https://www.khanyisa.online/educare/exampapers/form5/2020/PHYSICAL%20SCIENCE%202.pdf#page=12
P14,Atomic physics & radioactivity,science,P14,2024–2026,https://www.khanyisa.online/educare/syllabus/form5/EGCSE%206888%20Syllabus%20-%20Physical%20Science%202024-2026-1657607422.pdf,6888,October/November 2021,1,7,6,https://www.khanyisa.online/educare/exampapers/form5/2021/EGCSE%20Physical%20Science%202021%20Question%20Paper%201-1662017077.pdf#page=6
P15,LEDs & flat-screen monitors,science,P15,2024–2026,https://www.khanyisa.online/educare/syllabus/form5/EGCSE%206888%20Syllabus%20-%20Physical%20Science%202024-2026-1657607422.pdf,No verified question,,,,,
